Title,URLs
,http://52.66.50.41/?p=1178,
,http://52.66.50.41/?p=1181,
" ग्रहणी / अल्सरेटिव कोलाइटिस(IBS) के लिए आहार दिनचर्या        ",http://52.66.50.41/2018/08/02/diet-plan-for-ulcerative-colitis/,
" चिकन गुनिया के लिए आहार दिनचर्या",http://52.66.50.41/2018/08/02/diet-plan-for-chikungunya/,
" ट्यूमर के लिए आहार दिनचर्या",http://52.66.50.41/2018/08/02/diet-plan-for-tumor/,
" थेलेसेमिया /अप्लास्टिक एनेमिया के लिए आहार दिनचर्या",http://52.66.50.41/2018/08/02/diet-plan-for-aplastic-anemia-and-thalassemia/,
" नेत्र विकार के लिए आहार दिनचर्या",http://52.66.50.41/2018/08/02/diet-plan-for-eye-disorder/,
" परिणाम शूल (अल्सर) के लिए आहार दिनचर्या",http://52.66.50.41/2018/08/02/diet-plan-for-ulcer/,
" बच्चो में श्वास विकार /अस्थमा के लिए आहार दिनचर्या",http://52.66.50.41/2018/08/02/diet-plan-for-kids-respiratory/,
" मिरगी के लिए आहार दिनचर्या",http://52.66.50.41/2018/08/02/diet-plan-for-epilepsy/,
" वृक्क (किडनी) विकार के लिए आहार दिनचर्या",http://52.66.50.41/2018/08/02/diet-plan-for-kidney-disorder/,
" शुक्राणु अल्पता /यौन दुर्बलता /शुक्राणु हीनता के लिए आहार दिनचर्या",http://52.66.50.41/2018/08/02/diet-plan-for-oligospermia-azoospermia/,
" श्वास विकार /अस्थमा  के लिए आहार दिनचर्या",http://52.66.50.41/2018/08/02/diet-plan-for-asthma/,
" संधिगतवात के लिए आहार दिनचर्या",http://52.66.50.41/2018/08/02/diet-plan-for-osteoarthritis/,
" स्त्री रोग /बांझपन /गर्भाशय की गाँठ के लिए आहार दिनचर्या",http://52.66.50.41/2018/08/02/diet-plan-for-fibroid-cysts-and-infertility/,
" स्वित्र  के लिए आहार दिनचर्या",http://52.66.50.41/2018/08/02/diet-plan-for-vitiligo/,
" स्वेत प्रदर के लिए आहार दिनचर्या",http://52.66.50.41/2018/08/02/diet-plan-for-leucorrhoea/,
" ह्रदय रोग के लिए आहार दिनचर्या",http://52.66.50.41/2018/08/02/diet-plan-for-cardiac-disorder/,
"10 best headphones for running",http://52.66.50.41/2017/07/10/10-best-headphones-for-running/,
"10 Things you shouldn&#8217;t do this Fall",http://52.66.50.41/2017/07/09/volkswagen-beetle-car-review/,
"5 reasons to call a real estate agent",http://52.66.50.41/2017/07/10/5-reasons-to-call-a-real-estate-agent/,
"Auto Draft",http://52.66.50.41/?p=1866,
"Auto Draft",http://52.66.50.41/?p=1635,
"Auto Draft",http://52.66.50.41/?p=1153,
"Auto Draft",http://52.66.50.41/?p=1154,
"Auto Draft",http://52.66.50.41/?p=1155,
"Auto Draft",http://52.66.50.41/?p=1156,
"Auto Draft",http://52.66.50.41/?p=1176,
"Auto Draft",http://52.66.50.41/?p=1177,
"Auto Draft",http://52.66.50.41/?p=1179,
"Auto Draft",http://52.66.50.41/?p=1180,
"Auto Draft",http://52.66.50.41/?p=1692,
"Auto Draft",http://52.66.50.41/?p=1187,
"Auto Draft",http://52.66.50.41/?p=1194,
"Auto Draft",http://52.66.50.41/?p=1717,
"Auto Draft",http://52.66.50.41/?p=1745,
"Auto Draft",http://52.66.50.41/?p=1750,
"Auto Draft",http://52.66.50.41/?p=1751,
"Blue Is The Warmest Color",http://52.66.50.41/2017/07/09/blue-is-the-warmest-color/,
"Britain will spend billions on real estate in 2017",http://52.66.50.41/2017/07/10/chinese-will-spend-billions-on-real-estate-in-2017/,
"Cardiff ranks low in green spaces league table",http://52.66.50.41/2017/07/10/cardiff-ranks-low-in-green-spaces-league-table/,
"Fitness: What it takes to tackle the Tour de France",http://52.66.50.41/2017/07/10/fitness-what-it-takes-to-tackle-the-tour-de-france/,
"Food Trends &#038; More to Follow",http://52.66.50.41/2017/03/20/fashion-just-had-its-most-racially-diverse-season-ever-according-to-a-new-report/,
"Hello world!",http://52.66.50.41/2018/07/18/hello-world/,
"How Does an Editor Think And Feel?",http://52.66.50.41/2017/02/19/a-classic-example-of-video-type-post-on-wordpress-theme-2/,
"How to future proof your knees",http://52.66.50.41/2017/07/10/how-to-future-proof-your-knees/,
"Is VR Slowly Taking Over 2017?",http://52.66.50.41/2017/03/23/kate-middleton-dazzles-in-paris-with-three-outfit-changes-within-hours/,
"Jane Fonda Bought a Toy in Ellen Show &#038; Internet Loses Mind",http://52.66.50.41/2017/03/20/how-does-an-editor-think-and-feel/,
"Milo Yiannopoulos sues over cancelled book deal",http://52.66.50.41/2017/07/09/milo-yiannopoulos-sues-over-cancelled-book-deal/,
"Nokia &#8216;regrets&#8217; health app backlash",http://52.66.50.41/2017/07/10/nokia-regrets-health-app-backlash/,
"Philosophers on Art from Kant to the Postmodernist",http://52.66.50.41/2017/07/09/swimming-is-a-reset-button/,
"Real estate internet scams: know the warning signs",http://52.66.50.41/2017/07/10/real-estate-internet-scams-know-the-warning-signs/,
"RISE 2017: US Tech Firms Are Doubling Down",http://52.66.50.41/2017/07/10/rise-2017-us-tech-firms-are-doubling-down/,
"Rookie judge seeks healthy options at Taste of Buffalo",http://52.66.50.41/2017/07/10/rookie-judge-seeks-healthy-options-at-taste-of-buffalo/,
"Spring reconstructs, with a great deal of liberty",http://52.66.50.41/2017/03/20/donna-lee-making-a-comeback/,
"Superdrug owner looks to expand in UK",http://52.66.50.41/2017/07/09/superdrug-owner-looks-to-expand-in-uk/,
"Tasty secret to a long, healthy life",http://52.66.50.41/2017/07/10/secret-to-a-long-healthy-life/,
"The Times They Are A Changin&#8217;",http://52.66.50.41/2017/03/20/kellyanne-conway-admits-she-helped-a-friend-get-and-pay-for-an-abortion/,
"Vic real estate agents caught underquoting",http://52.66.50.41/2017/07/10/vic-real-estate-agents-caught-underquoting/,
"Video game tech at play in self-driving cars",http://52.66.50.41/2017/07/10/video-game-tech-at-play-in-self-driving-cars/,
"Volkswagen Beetle: car review",http://52.66.50.41/2017/03/23/the-1-colour-girls-are-most-worried-about-wearing-in-fashion-week/,
"What if all journalists wrote like tech journalists?",http://52.66.50.41/2017/07/10/what-if-all-journalists-wrote-like-tech-journalists/,
"अकरकरा (आकारकरभ)",http://52.66.50.41/?p=13,
"अकरकरा (आकारकरभ)",http://52.66.50.41/2018/07/23/akarkara/,
अखरोट,http://52.66.50.41/2018/07/24/walnut/,
अगरु,http://52.66.50.41/2018/07/24/agaru/,
अगस्त,http://52.66.50.41/2018/07/24/agast/,
अंगूर,http://52.66.50.41/2018/07/23/angoor/,
"अग्नितुण्डी वटी",http://52.66.50.41/2018/07/25/agnitundi-vati/,
अजमोदा,http://52.66.50.41/2018/07/24/ajmoda/,
"अजमोदादि चूर्ण",http://52.66.50.41/2018/08/02/ajmodadi-churna/,
"अजवाइन खुरासानी",http://52.66.50.41/2018/07/24/ajwain-khurasani/,
अज़वायन,http://52.66.50.41/2018/07/24/ajwain/,
अंजीर,http://52.66.50.41/2018/07/23/anjeer/,
अतिबला,http://52.66.50.41/2018/07/25/atibala/,
"अतिसार (दस्त) के लिए आहार दिनचर्या",http://52.66.50.41/2018/08/07/diet-plan-for-diarhoea-loose-motion/,
अतीस,http://52.66.50.41/2018/07/24/atees/,
अधपुष्पी,http://52.66.50.41/2018/07/24/adhpushpi/,
अनानास,http://52.66.50.41/2018/07/24/pineapple/,
अनार,http://52.66.50.41/2018/07/24/anar/,
अपराजिता,http://52.66.50.41/2018/07/24/aprajita/,
अपामार्ग,http://52.66.50.41/2018/07/24/apamarg/,
"अभयारिष्ट (अर्श)",http://52.66.50.41/2018/08/02/abhayarishta/,
अमरबेल,http://52.66.50.41/2018/07/24/amarbel/,
अमरूद,http://52.66.50.41/2018/07/24/amrud/,
अमलतास,http://52.66.50.41/2018/07/24/amaltas/,
"अम्ल पित्त के लिए आहार दिनचर्या",http://52.66.50.41/2018/08/07/diet-plan-for-acidity/,
"अरणी बड़ी",http://52.66.50.41/2018/07/24/aradi-badi/,
अरलु,http://52.66.50.41/2018/07/24/aralu/,
"अरारूट (तीखुर भेद)",http://52.66.50.41/2018/07/24/ararut/,
अर्जुन,http://52.66.50.41/2018/07/24/arjun/,
"अर्श के लिए आहार दिनचर्या",http://52.66.50.41/2018/08/07/diet-plan-for-piles/,
"अर्शोघ्नी वटी",http://52.66.50.41/2018/07/25/arshoghni-vati/,
अलसी,http://52.66.50.41/2018/07/24/alsi/,
"अवटुग्रथि शोथ (थायरॉइड) के लिए आहार दिनचर्या",http://52.66.50.41/2018/08/07/diet-plan-for-thyroid-gland-disorder/,
अशोक,http://52.66.50.41/2018/07/23/ashok/,
"अश्वगन्धा (असगंध)",http://52.66.50.41/2018/07/24/ashwagandha/,
"अष्टांग योग",http://52.66.50.41/2018/08/11/yogaastang-yog/,
"अस्थमा के लिए घरेलु नुस्खे",http://52.66.50.41/2018/08/12/asthma-ke-liye-gharule-nuskhe/,
अस्थिसंहार,http://52.66.50.41/2018/07/25/asthisanhar/,
आक,http://52.66.50.41/2018/07/24/aak/,
आम,http://52.66.50.41/2018/07/23/mango/,
"आमवात  के लिए आहार दिनचर्या",http://52.66.50.41/2018/08/07/diet-plan-for-rheumatoid-arthritis/,
"आमा हल्दी",http://52.66.50.41/2018/07/25/aama-haldi/,
आम्रातक,http://52.66.50.41/2018/07/24/aamratak/,
"आयुर्वेद का महत्व",http://52.66.50.41/2018/08/02/asr-what-ayurveda-signifies/,
"आयुर्वेद चिकित्सा के विषय क्षेत्र एवं विविध अंग (अष्टांग आयुर्वेद)",http://52.66.50.41/2018/08/02/asr-ayurveda-diversifed-areas-and-eight-branches/,
"आयुर्वेदिक चिकित्सा पद्धति के मुख्य लक्ष्य",http://52.66.50.41/2018/08/02/asr-primary-goals-of-ayurvedic-treatment/,
"आयुर्वेदीय चिकित्सा की विशेषताएँ",http://52.66.50.41/2018/08/02/asr-unique-features-of-ayurvedic-treatment/,
"आरुक (आडू)",http://52.66.50.41/2018/07/23/aaruk-aadu/,
"आरोग्यवर्धिनी वटी",http://52.66.50.41/2018/07/26/arogyavardhini-vati/,
आर्तगल,http://52.66.50.41/2018/07/24/aartgal/,
"आलुकी (अरबी)",http://52.66.50.41/2018/07/24/arbi/,
आलू,http://52.66.50.41/2018/07/24/potato/,
आलूबुखारा,http://52.66.50.41/2018/07/24/aloo-bukhara/,
आवर्तनी,http://52.66.50.41/2018/07/25/aawartani/,
आँवला,http://52.66.50.41/2018/07/24/amla/,
"आसनोपयोगी नियम",http://52.66.50.41/2018/08/10/yogaaasnopyogi-niyam/,
इन्द्रायण,http://52.66.50.41/2018/07/24/indrayan/,
इमली,http://52.66.50.41/2018/07/24/%e0%a4%87%e0%a4%ae%e0%a4%b2%e0%a5%80/,
"इलायची बड़ी",http://52.66.50.41/2018/07/23/badi-elaichi/,
"ई. एन. टी. के लिए आहार दिनचर्या",http://52.66.50.41/2018/08/07/diet-plan-for-ent/,
ईसबगोल,http://52.66.50.41/2018/07/23/isabgol/,
"उच्च रक्तचाप (हाई ब्लड प्रेशर) के लिए घरेलु नुस्खे",http://52.66.50.41/2018/08/12/uchh-raktchap-high-blood-pressure-ke-liye-gharule-nuskhe/,
"उटंगन (उष्ट्रकाण्डी)",http://52.66.50.41/2018/07/23/utangan/,
"उड़द (माष)",http://52.66.50.41/2018/07/23/urad/,
उत्कण्टक,http://52.66.50.41/2018/07/23/utkantak/,
"उदर रोग, मधुमेह, मोटापा के लिए मुख्य आसन",http://52.66.50.41/2018/08/12/yogaudar-rog-madhumeh-motapa-ke-liye-mukhya-asan/,
उन्नाव,http://52.66.50.41/2018/07/25/unnao/,
उलटकम्बल,http://52.66.50.41/2018/07/23/ulatkambal/,
"उल्टी (वोमिटिंग) के लिए घरेलु नुस्खे",http://52.66.50.41/2018/08/12/ulti-vomiting-ke-liye-gharule-nuskhe/,
उस्तूखूदूस,http://52.66.50.41/2018/07/23/ustukhudus/,
"एक्जिमा (खुजली) के लिए घरेलु नुस्खे",http://52.66.50.41/2018/08/12/eczema-khujli-ke-liye-gharule-nuskhe/,
एरण्ड,http://52.66.50.41/2018/07/23/arand/,
एर्वारु,http://52.66.50.41/2018/07/23/erwaru/,
"एला  (इलायची छोटी)",http://52.66.50.41/2018/07/23/choti-elaichi/,
"एलादि गुटिका (रक्तपित्त)",http://52.66.50.41/2018/07/26/eladi-gutika-raktapitt/,
"एसिडिटी (पेट की गैस) के लिए घरेलु नुस्खे",http://52.66.50.41/2018/08/12/acidity-pet-ki-gas-ke-liye-gharule-nuskhe/,
"ऑटो इम्यून के लिए आहार दिनचर्या",http://52.66.50.41/2018/08/07/diet-plan-for-autoimmune-disorders-multiple-sclerosis/,
"ऑयली स्कीन (तैलीय त्वचा) के लिए घरेलु नुस्खे",http://52.66.50.41/2018/08/12/oily-skin-teliye-twacha-ke-liye-gharelu-nuskhe/,
कंचट,http://52.66.50.41/2018/07/24/kanchat/,
कचनार,http://52.66.50.41/2018/07/23/kachnar/,
कटहल,http://52.66.50.41/2018/07/23/kathal/,
कटेरी,http://52.66.50.41/2018/07/23/kateri/,
"कट्फल (काफल)",http://52.66.50.41/2018/07/23/kaafal/,
"कण्डू /खुजली के लिए आहार दिनचर्या",http://52.66.50.41/?p=1174,
कदम्ब,http://52.66.50.41/2018/07/23/kadamb/,
"कदली (केला)",http://52.66.50.41/2018/07/24/banana-tree/,
"कनेर (पीत करवीर)",http://52.66.50.41/2018/07/23/kaner-peet-karweer/,
कपास,http://52.66.50.41/2018/07/23/kapas/,
कपित्थ,http://52.66.50.41/2018/07/24/kapittha/,
"कफ प्रधान प्रकृति के लिए आहार दिनचर्या",http://52.66.50.41/2018/08/02/diet-plan-for-kapha/,
"कब्ज (कॉन्स्टिपेशन) के लिए घरेलु नुस्खे",http://52.66.50.41/2018/08/12/kabj-constipation-ke-liye-gharule-nuskhe/,
कमरख,http://52.66.50.41/2018/07/23/kamrakh/,
कमल,http://52.66.50.41/2018/07/23/kamal/,
कम्पिल्लक,http://52.66.50.41/2018/07/23/kampillak/,
करंज,http://52.66.50.41/2018/07/23/karanj/,
"करंज (पूतिकरंज)",http://52.66.50.41/2018/07/23/karanj-putikaranj/,
"करमर्द (करौंदा)",http://52.66.50.41/2018/07/23/karounda/,
"करवीर (श्वेत/लाल)",http://52.66.50.41/2018/07/23/karweer/,
करेला,http://52.66.50.41/2018/07/23/karela/,
कर्कटशृंगी,http://52.66.50.41/2018/07/23/karkatshringi/,
कर्कोटकी,http://52.66.50.41/2018/07/23/karkotaki/,
कर्चूर,http://52.66.50.41/2018/07/23/karchur/,
कर्पूर,http://52.66.50.41/2018/07/23/camphor/,
कलम्बी,http://52.66.50.41/2018/07/23/kalambi/,
"कलिहारी (लांगली)",http://52.66.50.41/2018/07/25/kalihari-langali/,
कसौंदी,http://52.66.50.41/2018/07/23/kasoundi/,
"कस्तूर्यादि गुटिका",http://52.66.50.41/2018/07/26/kasturyadi-gutika/,
काकजंघा,http://52.66.50.41/2018/07/23/kakjangha/,
"कांकायन गुटिका (गुल्म)",http://52.66.50.41/2018/07/26/kankayan-gutika/,
काकोदुम्बर,http://52.66.50.41/2018/07/24/kokodumbar/,
काजू,http://52.66.50.41/2018/07/23/cashew/,
"काण्डीर (जलधनिया)",http://52.66.50.41/2018/07/23/kaandeer/,
"कान दर्द (ear pain) में घरेलु नुस्खे",http://52.66.50.41/2018/08/12/kan-dard-ear-pain-me-gharelu-nuskhe/,
काश,http://52.66.50.41/2018/07/23/kash/,
कासनी,http://52.66.50.41/2018/07/23/kasani/,
"किडनी /गॉलब्लेडर स्टॉन के लिए आहार दिनचर्या",http://52.66.50.41/2018/08/02/diet-plan-for-kidney-stone/,
कुकुन्दर,http://52.66.50.41/2018/07/23/kukundar/,
कुटकी,http://52.66.50.41/2018/07/23/kutki/,
कुटज,http://52.66.50.41/2018/07/23/kutaj/,
"कुटजघन वटी",http://52.66.50.41/2018/07/26/kutaj-ghan-vati/,
कुठिञ्जर,http://52.66.50.41/2018/07/23/kuthijjar/,
कुरी,http://52.66.50.41/2018/07/25/kuri/,
कुलत्थ,http://52.66.50.41/2018/07/23/kulattha/,
कुश,http://52.66.50.41/2018/07/23/kush/,
"कूजा (जंगली गुलाब)",http://52.66.50.41/2018/07/23/kuja/,
"कूठ (कुष्ठ)",http://52.66.50.41/2018/07/23/kooth/,
कूष्माण्ड,http://52.66.50.41/2018/07/24/kushmaand/,
कृष्णबीज,http://52.66.50.41/2018/07/23/krishnabeej/,
कृष्णसारिवा,http://52.66.50.41/2018/07/25/krishnasariva/,
केमुक,http://52.66.50.41/2018/07/24/kemuk/,
"केवाँच (कपिकच्छू)",http://52.66.50.41/2018/07/24/kevanch/,
केशर,http://52.66.50.41/2018/07/23/kesar/,
"कैडर्य  (मीठी नीम)",http://52.66.50.41/2018/07/24/kaidarya/,
"कैंसर के लिए आहार दिनचर्या",http://52.66.50.41/2018/08/02/diet-plan-for-cancer/,
कॉफी,http://52.66.50.41/2018/07/23/coffee/,
कोकिलाक्ष,http://52.66.50.41/2018/07/24/kokilaksha/,
कोद्रव,http://52.66.50.41/2018/07/24/kodrav/,
"क्षार वटी",http://52.66.50.41/2018/07/26/chhar-vati/,
"क्षीर चम्पा",http://52.66.50.41/2018/07/24/ksheer-champa/,
खदिर,http://52.66.50.41/2018/07/24/khadir/,
"खदिरादि वटी (मुखरोग)",http://52.66.50.41/2018/07/26/khadiradi-vati/,
खरबूज,http://52.66.50.41/2018/07/24/kharbooj/,
खर्जूर,http://52.66.50.41/2018/07/24/kharjoor/,
खर्जूरी,http://52.66.50.41/2018/07/24/kharjuri/,
खस,http://52.66.50.41/2018/07/24/khus/,
"खांसी (कफ) के लिए घरेलु नुस्खे",http://52.66.50.41/2018/08/12/khanshi-cough-ke-liye-gharule-nuskhe/,
खीरा,http://52.66.50.41/2018/07/24/kheera/,
खुबानी,http://52.66.50.41/2018/07/23/khubani/,
खेसारी,http://52.66.50.41/2018/07/24/khesari/,
"गंजापन के लिए आहार दिनचर्या",http://52.66.50.41/2018/08/02/diet-plan-for-baldness/,
"गन्धक वटी (अग्निमाद्य)",http://52.66.50.41/2018/07/26/gandhak-vati/,
गन्ना,http://52.66.50.41/2018/07/24/sugar-cane/,
गंभारी,http://52.66.50.41/2018/07/24/gambhari/,
"गर्भणी की मासानुमासिक परिचर्या",http://52.66.50.41/2018/08/02/diet-plan-for-pregnancy/,
"गला की खराश के लिए घरेलु नुस्खे",http://52.66.50.41/2018/08/12/ghale-ki-kharash-ke-liye-gharule-nuskhe/,
"गले के दर्द के लिए घरेलु नुस्खे",http://52.66.50.41/2018/08/12/gale-ke-dard-ke-liye-gharelu-nuskhe/,
"गले के संक्रमण (थ्रोट इंफेक्शन) के लिए घरेलु नुस्खे",http://52.66.50.41/2018/08/12/gale-ke-sankraman-throat-infection-ke-liye-gharule-nuskhe/,
"गवेधुका  (वैजन्ती)",http://52.66.50.41/2018/07/24/gavedhuka/,
गाजर,http://52.66.50.41/2018/07/24/carrot/,
गिलोय,http://52.66.50.41/2018/07/24/giloy/,
गुग्गुलु,http://52.66.50.41/2018/07/24/guggul/,
गुञ्जा,http://52.66.50.41/2018/07/24/gunja/,
गुड़हल,http://52.66.50.41/2018/07/24/gudhal/,
"गुर्दे की पथरी (किडनी स्टोन) के लिए घरेलु नुस्खे",http://52.66.50.41/2018/08/12/gurde-ki-pathri-kidney-stone-ke-liye-gharule-nuskhe/,
गुलदाऊदी,http://52.66.50.41/2018/07/24/guldaudi/,
गुलब्बास,http://52.66.50.41/2018/07/24/gulabbas/,
गुलमोहर,http://52.66.50.41/2018/07/24/gulmohar/,
गूलर,http://52.66.50.41/2018/07/24/gular/,
गृध्रनखी,http://52.66.50.41/2018/07/24/gridhranakhi/,
गेंदा,http://52.66.50.41/2018/07/24/genda/,
"गेहूं से एलर्जी (बच्चों  के लिए) आहार दिनचर्या",http://52.66.50.41/2018/08/02/diet-plan-for-celiac-disease/,
"गैस के लिए घरेलु नुस्खे",http://52.66.50.41/2018/08/12/gas-ke-liye-gharule-nuskhe/,
"गोखरू छोटा",http://52.66.50.41/2018/07/24/gokhru/,
"गोखरू बड़ा",http://52.66.50.41/2018/07/24/gokhru-bada/,
"गोधूम (गेहूं)",http://52.66.50.41/2018/07/24/wheat/,
"गोपशिम्बी (ग्वारफली)",http://52.66.50.41/2018/07/24/gavarfali/,
गोभी,http://52.66.50.41/2018/07/24/gobhi/,
गोरक्ष,http://52.66.50.41/2018/07/24/goraksha/,
गोरक्षगंजा,http://52.66.50.41/2018/07/24/gorakshaganja/,
"गोरक्षी (गोरख इमली)",http://52.66.50.41/2018/07/24/gorakshi/,
गोरखमुण्डी,http://52.66.50.41/2018/07/25/gorakhmundi/,
ग्रन्थिपर्णी,http://52.66.50.41/2018/07/24/granthiparni/,
घृतकुमारी,http://52.66.50.41/2018/07/24/aloe-vera/,
"चणक (चना)",http://52.66.50.41/2018/07/24/chanak-chana/,
"चद्रप्रभा वटी (प्रमेह)",http://52.66.50.41/2018/07/26/chandraprabha-vati/,
चंद्रशूर,http://52.66.50.41/2018/07/24/chandrashur/,
चन्दन,http://52.66.50.41/2018/07/24/chandan/,
चमेली,http://52.66.50.41/2018/07/24/chameli/,
चम्पा,http://52.66.50.41/2018/07/24/champa/,
चव्य,http://52.66.50.41/2018/07/24/chavya/,
चांगेरी,http://52.66.50.41/2018/07/24/chaangeri/,
चांदनी,http://52.66.50.41/2018/07/24/chandani/,
चाय,http://52.66.50.41/2018/07/24/tea/,
"चावल (तण्डुल)",http://52.66.50.41/2018/07/24/rice/,
चिचिण्डा,http://52.66.50.41/2018/07/25/chichinda/,
चित्रक,http://52.66.50.41/2018/07/24/chitrak/,
"चित्रकादि वटी (ग्रहणी)",http://52.66.50.41/2018/07/26/chitrakadi-vati/,
"चिरबिल्व (चिलबिल)",http://52.66.50.41/2018/07/24/chilbil/,
चिरायता,http://52.66.50.41/2018/07/24/chirayta/,
चिरौंजी,http://52.66.50.41/2018/07/24/chirounji/,
चिल्ग़ोज़ा,http://52.66.50.41/2018/07/24/chilgoza/,
चीकू,http://52.66.50.41/2018/07/24/chiku/,
चीड़,http://52.66.50.41/2018/07/24/cheed/,
चुकन्दर,http://52.66.50.41/2018/07/24/chukandar/,
चुक्रिका,http://52.66.50.41/2018/07/24/chukrika/,
"चेचक (चिकनपॉक्स) के लिए घरेलु नुस्खे",http://52.66.50.41/2018/08/12/chechak-chickenpox-ke-liye-gharule-nuskhe/,
"चेहरे पर दाने (पिम्पल्स) के लिए घरेलु नुस्खे",http://52.66.50.41/2018/08/12/chehre-per-dane-pimples-ke-liye-gharule-nuskhe/,
चोपचीनी,http://52.66.50.41/2018/07/24/chopchini/,
चोरक,http://52.66.50.41/2018/07/24/chorak/,
"चौलाई (मरसा)",http://52.66.50.41/2018/07/24/choulai-marsa/,
छरीला,http://52.66.50.41/2018/07/25/chhareela/,
"छोटी अरणी",http://52.66.50.41/2018/07/24/choti-aradi/,
"जंगली प्याज",http://52.66.50.41/2018/07/24/jangali-pyaj/,
"जंगली बादाम",http://52.66.50.41/2018/07/25/jangli-badam/,
जटामांसी,http://52.66.50.41/2018/07/24/jatamansi/,
जयंती,http://52.66.50.41/2018/07/24/jayanti/,
"जल पिप्पली",http://52.66.50.41/2018/07/24/jal-pippali/,
जामुन,http://52.66.50.41/2018/07/24/jamun/,
जायफल,http://52.66.50.41/2018/07/24/jaifal/,
जीरा,http://52.66.50.41/2018/07/24/jeera/,
जीवन्ती,http://52.66.50.41/2018/07/24/jeewanti/,
"ज़ुकाम (कोल्ड) के लिए घरेलु नुस्खे",http://52.66.50.41/2018/08/12/jukam-cold-ke-liye-gharule-nuskhe/,
जूफा,http://52.66.50.41/2018/07/24/jufa/,
"जूर्ण (ज्वार)",http://52.66.50.41/2018/07/24/jwar/,
जूही,http://52.66.50.41/2018/07/24/juhi/,
जैतून,http://52.66.50.41/2018/07/24/jaitun/,
"जौ (यव)",http://52.66.50.41/2018/07/24/barley/,
ज्योतिष्मती,http://52.66.50.41/2018/07/25/jyotishmati/,
"ज्वर के लिए आहार दिनचर्या",http://52.66.50.41/2018/08/02/diet-plan-for-fever/,
टमाटर,http://52.66.50.41/2018/07/24/tamatar/,
"टॉन्सिल के लिए घरेलु नुस्खे",http://52.66.50.41/2018/08/12/tonsil-ke-liye-gharule-nuskhe/,
"डायबिटीज (मधुमेह) के लिए घरेलु नुस्खे",http://52.66.50.41/2018/08/12/diabetes-madhumeh-ke-liye-gharule-nuskhe/,
"डिण्डिश (टिंडा)",http://52.66.50.41/2018/07/24/tinda/,
"डेंगू के लिए आहार दिनचर्या",http://52.66.50.41/2018/08/02/diet-plan-for-dengue/,
"डैंड्रफ (रूसी) के लिए घरेलु नुस्खे",http://52.66.50.41/2018/08/12/%e0%a4%a1%e0%a5%88%e0%a4%82%e0%a4%a1%e0%a5%8d%e0%a4%b0%e0%a4%ab-%e0%a4%95%e0%a5%87-%e0%a4%b2%e0%a4%bf%e0%a4%8f-%e0%a4%98%e0%a4%b0%e0%a5%87%e0%a4%b2%e0%a5%81-%e0%a4%a8%e0%a5%81%e0%a4%b8%e0%a5%8d/,
तगर,http://52.66.50.41/2018/07/24/tagar/,
"तण्डुलीय (चौलाई)",http://52.66.50.41/2018/07/24/tanduleey-choulai/,
"तरबूज (कालिन्द)",http://52.66.50.41/2018/07/24/tarbuj/,
"तरुणी (गुलाब)",http://52.66.50.41/2018/07/24/gulab/,
ताड़,http://52.66.50.41/2018/07/24/taad/,
"ताम्रपर्ण (तंबाकू)",http://52.66.50.41/2018/07/24/tobacco/,
तालीसपत्र,http://52.66.50.41/2018/07/24/taleespatra/,
तिंदुक,http://52.66.50.41/2018/07/24/tinduk/,
"तिधारा सेंहुड",http://52.66.50.41/2018/07/24/tidhara-sehund/,
तिनिश,http://52.66.50.41/2018/07/24/tinish/,
तिन्तिडीक,http://52.66.50.41/2018/07/24/tintideek/,
तिल,http://52.66.50.41/2018/07/24/til/,
तीखुर,http://52.66.50.41/2018/07/24/teekhur/,
तुलसी,http://52.66.50.41/2018/07/24/tulsi/,
"तुलसी -बर्बरी",http://52.66.50.41/2018/07/24/tulsi-barbari/,
"तुवरक (चालमोगरा)",http://52.66.50.41/2018/07/24/tuvrak/,
तूत,http://52.66.50.41/2018/07/24/toot/,
तूतमलंगा,http://52.66.50.41/2018/07/24/tootmalanga/,
"तून (तूणी)",http://52.66.50.41/2018/07/24/toon/,
तेजपात,http://52.66.50.41/2018/07/24/tejpat/,
"तेजोवती (तुम्बरू)",http://52.66.50.41/2018/07/24/tejowati/,
तोदरी,http://52.66.50.41/2018/07/24/todari/,
तोरई,http://52.66.50.41/2018/07/24/torai/,
त्रिकोशकी,http://52.66.50.41/2018/07/25/trikoshki/,
"त्वक विकार के लिए आहार दिनचर्या",http://52.66.50.41/2018/08/02/diet-plan-for-skin-disorder/,
"त्वचा की सुंदरता (फेयरनेस) के लिए घरेलु नुस्खे",http://52.66.50.41/2018/08/12/twacha-ki-sundarta-fairness-ke-liye-gharule-nuskhe/,
"त्वचा में निखार (ग्लोइंग स्कीन) के लिए घरेलु नुस्खे",http://52.66.50.41/2018/08/12/twacha-me-nichar-glowing-skin-ke-liye-gharule-nuskhe/,
"थायराइड (हाइपोथायरायडिज्म) के लिए घरेलु नुस्खे",http://52.66.50.41/2018/08/12/thyroid-hypothyroidism-ke-liye-gharule-nuskhe/,
दन्ती,http://52.66.50.41/2018/07/24/danti/,
दमनक,http://52.66.50.41/2018/07/24/damnak/,
दर्भ,http://52.66.50.41/2018/07/24/darbh/,
"दस्त (लूज मोशन) के लिए घरेलु नुस्खे",http://52.66.50.41/2018/08/12/dast-loose-motion-ke-liye-gharule-nuskhe/,
"दांत आने के कारण बुखार (टूथ फीवर) के लिए घरेलु नुस्खे",http://52.66.50.41/2018/08/12/daant-aane-ke-karan-bukhar-tooth-fever-ke-liye-gharule-nuskhe/,
"दांत दर्द (टूथ पेन) के लिए घरेलु नुस्खे",http://52.66.50.41/2018/08/12/daant-dard-tooth-pain-ke-liye-gharule-nuskhe/,
"दांत दर्द के लिए घरेलु नुस्खे",http://52.66.50.41/2018/08/12/daant-dard-ke-liye-gharule-nuskhe/,
"दाद (रिंगवर्म) के लिए घरेलु नुस्खे",http://52.66.50.41/2018/08/12/daad-ringworm-ke-liye-gharule-nuskhe/,
दारुहरिद्रा,http://52.66.50.41/2018/07/24/daruharidra/,
दालचीनी,http://52.66.50.41/2018/07/24/dalchini/,
"दुग्धिका (बड़ी)",http://52.66.50.41/2018/07/24/dugdhika-badi/,
"दूधी (छोटी)",http://52.66.50.41/2018/07/24/doodhi-choti/,
दूब,http://52.66.50.41/2018/07/24/doob/,
देवदारु,http://52.66.50.41/2018/07/24/devdaru/,
देवदाली,http://52.66.50.41/2018/07/24/devdali/,
"द्राक्षादि गुटिका (अम्लपित्त)",http://52.66.50.41/2018/07/26/drakshadi-gutika/,
द्रोणपुष्पी,http://52.66.50.41/2018/07/24/dronpushpi/,
धतूरा,http://52.66.50.41/2018/07/24/dhatura/,
धनिया,http://52.66.50.41/2018/07/24/dhaniya/,
धमासा,http://52.66.50.41/2018/07/24/dhamasa/,
धातकी,http://52.66.50.41/2018/07/24/dhataki/,
"धान्वन्तर गुटिका",http://52.66.50.41/2018/07/26/dhanvantara-gutika/,
"धामार्गव (घियातोरई)",http://52.66.50.41/2018/07/24/ghiyatorai/,
नकछिकनी,http://52.66.50.41/2018/07/24/nakchhikni/,
नल,http://52.66.50.41/2018/07/24/nal/,
नाकुली,http://52.66.50.41/2018/07/24/naakuli/,
नागकेसर,http://52.66.50.41/2018/07/24/nagkesar/,
नागफनी,http://52.66.50.41/2018/07/24/nagfani/,
नागबला,http://52.66.50.41/2018/07/25/naagbala/,
नागरमोथा,http://52.66.50.41/2018/07/24/nagarmotha/,
नारंगी,http://52.66.50.41/2018/07/24/narangi/,
नारियल,http://52.66.50.41/2018/07/24/coconut/,
नाशपाती,http://52.66.50.41/2018/07/24/nashpati/,
निर्गुण्डी,http://52.66.50.41/2018/07/24/nirgundi/,
निर्मली,http://52.66.50.41/2018/07/23/nirmali/,
"निशोथ (त्रिवृत्)",http://52.66.50.41/2018/07/24/nishoth/,
नींबू,http://52.66.50.41/2018/07/24/nimbu/,
"नींबू जम्बीरी",http://52.66.50.41/2018/07/24/nimbu-jambiri/,
"नींबू बिजौरा",http://52.66.50.41/2018/07/24/nimbu-bijoura/,
नीम,http://52.66.50.41/2018/07/24/neem/,
नील,http://52.66.50.41/2018/07/24/neel/,
"नील शंखपुष्पी  (विष्णुक्रान्ता)",http://52.66.50.41/2018/07/25/neel-shankhpushpi/,
"न्यूमोनिया (निमोनिया) के लिए घरेलु नुस्खे",http://52.66.50.41/2018/08/12/pneumonia-ke-liye-gharule-nuskhe/,
पटेर,http://52.66.50.41/2018/07/24/pater/,
पट्टशाक,http://52.66.50.41/2018/07/24/pattashaak/,
पपीता,http://52.66.50.41/2018/07/24/papaya/,
"परदेशी लांगली",http://52.66.50.41/2018/07/24/pardeshi-langali/,
"परवल (पटोल)",http://52.66.50.41/2018/07/24/parwal/,
पर्णबीज,http://52.66.50.41/2018/07/24/parnabeej/,
पलाश,http://52.66.50.41/2018/07/24/palash/,
"पवाँड (चक्रमर्द)",http://52.66.50.41/2018/07/24/pavaand/,
पाटला,http://52.66.50.41/2018/07/24/patala/,
पाठा,http://52.66.50.41/2018/07/24/patha/,
पातालगरुड़ी,http://52.66.50.41/2018/07/24/patalgarudi/,
पान,http://52.66.50.41/2018/07/24/paan/,
पारिजात,http://52.66.50.41/2018/07/25/parijat/,
"पार्किंसन के लिए आहार दिनचर्या",http://52.66.50.41/2018/08/02/diet-plan-for-parkinsons/,
"पालक  ",http://52.66.50.41/2018/07/24/palak/,
"पाषाण भेद",http://52.66.50.41/2018/07/24/pashaan-bhed/,
पिठवन,http://52.66.50.41/2018/07/24/pithwan/,
"पित्त प्रधान प्रकृति के लिए आहार दिनचर्या",http://52.66.50.41/2018/08/02/diet-plan-for-pitta/,
पित्तपापड़ा,http://52.66.50.41/2018/07/24/pittapapda/,
पिपरमिंट,http://52.66.50.41/2018/07/24/peppermint/,
पिप्पली,http://52.66.50.41/2018/07/24/pippali/,
"पियारांगा (पीतरंगा)",http://52.66.50.41/2018/07/24/piyaraanga/,
पिस्ता,http://52.66.50.41/2018/07/24/pista/,
पीतकूष्माण्ड,http://52.66.50.41/2018/07/24/peetkushmaand/,
पीपल,http://52.66.50.41/2018/07/24/peepal/,
पीलु,http://52.66.50.41/2018/07/24/peelu/,
"पीसीओएस (पॉलीसिस्टिक ओवेरियन सिंड्रोम) के लिए घरेलु नुस्खे",http://52.66.50.41/2018/08/12/pcos-polycystic-ovarian-syndrome-ke-liye-gharule-nuskhe/,
पुत्रजीवक,http://52.66.50.41/2018/07/24/putrajeevak/,
"पुदीना (पूतिहा)",http://52.66.50.41/2018/07/24/pudina/,
पुनर्नवा,http://52.66.50.41/2018/07/24/punarnva/,
पुष्करमूल,http://52.66.50.41/2018/07/24/pushkarmul/,
"पेट की ख़राबी के लिए घरेलु नुस्खे",http://52.66.50.41/2018/08/12/pet-ki-kharabi-ke-liye-gharule-nuskhe/,
"पेट दर्द (स्टोमेक पेन) के लिए घरेलु नुस्खे",http://52.66.50.41/2018/08/12/pet-dard-stomach-pain-ke-liye-gharule-nuskhe/,
"पेट दर्द में घरेलु नुस्खे",http://52.66.50.41/2018/08/12/pet-dard-me-gharule-nuskhe/,
"पोतकी (पोई)",http://52.66.50.41/2018/07/24/potaki/,
प्याज,http://52.66.50.41/2018/07/24/pyaj/,
"प्रभाकर वटी (हृद्रोग)",http://52.66.50.41/2018/07/26/prabhakar-vati/,
"प्राणदा गुटिका",http://52.66.50.41/2018/07/26/pranda-gutika/,
प्रियंगु,http://52.66.50.41/2018/07/24/priyangu/,
"फालसा (परुषक)",http://52.66.50.41/2018/07/24/phalsa/,
"फैटी लीवर में घरेलु नुस्खे",http://52.66.50.41/2018/08/12/fatty-liver-me-gharule-nuskhe/,
"बकायन (महानिम्ब)",http://52.66.50.41/2018/07/24/bakayan/,
"बच्चों की खांसी (कफ) के लिए घरेलु नुस्खे",http://52.66.50.41/2018/08/12/bachhon-ki-khanshi-cough-ke-liye-gharule-nuskhe/,
"बच्चों के लिए सामान्य आहार दिनचर्या",http://52.66.50.41/2018/08/02/diet-plan-for-normal-kids/,
"बच्चों में मस्कुलर डिस्ट्रॉफी (DMD), CP के लिए आहार दिनचर्या",http://52.66.50.41/2018/08/02/diet-plan-for-muscular-dystrophy-in-kids/,
"बच्चो में विबन्ध (कब्ज) के लिए आहार दिनचर्या",http://52.66.50.41/2018/08/02/diet-plan-for-constipation-in-kids/,
बड़/बरगद,http://52.66.50.41/2018/07/25/bargad/,
"बथुआ (वास्तूक)",http://52.66.50.41/2018/07/24/bathua/,
बदर,http://52.66.50.41/2018/07/25/badar/,
"बदहजमी (इनडाइजेशन)  के लिए घरेलु नुस्खे",http://52.66.50.41/2018/08/12/badhajmi-indigestion-ke-liye-gharule-nuskhe/,
बबूल,http://52.66.50.41/2018/07/24/babool/,
बला,http://52.66.50.41/2018/07/24/bala/,
"बवासीर (पाइल्स) के लिए घरेलु नुस्खे",http://52.66.50.41/2018/08/12/bawasir-piles-ke-liye-gharelu-nuskhe/,
बहेड़ा,http://52.66.50.41/2018/07/25/baheda/,
बाकुची,http://52.66.50.41/2018/07/25/bakuchi/,
बाजरा,http://52.66.50.41/2018/07/25/baajra/,
"बांदा (सुवर्णबंदाक)",http://52.66.50.41/2018/07/25/banda-suvarnbandaak/,
"बादाम (वाताद)",http://52.66.50.41/2018/07/25/badam/,
"बादियान खताई",http://52.66.50.41/2018/07/25/badiyan-khatai/,
"बान्दा (बांदा)",http://52.66.50.41/2018/07/25/banda/,
बिम्बी,http://52.66.50.41/2018/07/25/bimbi/,
बिही,http://52.66.50.41/2018/07/25/bihee/,
बुरांश,http://52.66.50.41/2018/07/25/buransh/,
"बृहती  (बड़ी कटेरी)",http://52.66.50.41/2018/07/23/brihati-badi-kateri/,
बेल,http://52.66.50.41/2018/07/25/bael/,
बेला,http://52.66.50.41/2018/07/25/bela/,
बेली,http://52.66.50.41/2018/07/25/beli/,
ब्रह्मदण्डी,http://52.66.50.41/2018/07/25/bramhadandi/,
"ब्राह्मी :(मण्डूकपर्णी)",http://52.66.50.41/2018/07/25/bramhi-mandukparni/,
"ब्राह्मीः (जलनीम)",http://52.66.50.41/2018/07/25/bramhi-jalneem/,
"ब्राह्मी वटी (साधारण)",http://52.66.50.41/2018/07/26/brahmi-vati/,
"ब्राह्मी वटी (स्वर्णघटित)",http://52.66.50.41/2018/07/26/brahmi-vati-swarghati/,
"भगन्दर  के लिए आहार दिनचर्या",http://52.66.50.41/2018/08/02/diet-plan-for-fistula/,
"भव्य (चालता)",http://52.66.50.41/2018/07/25/bhavya-chaalta/,
भांग,http://52.66.50.41/2018/07/25/bhaang/,
"भांगरा (भृंङ्गराज)",http://52.66.50.41/2018/07/25/bhangra-bhringraj/,
भारंगी,http://52.66.50.41/2018/07/25/bharangi/,
भिण्डी,http://52.66.50.41/2018/07/25/bhindi/,
"भुई आँवला",http://52.66.50.41/2018/07/25/bhui-amla/,
भूतृण,http://52.66.50.41/2018/07/25/bhutrin/,
"भूनिम्ब (कालमेघ)",http://52.66.50.41/2018/07/23/kalmegh/,
भूर्जपत्र,http://52.66.50.41/2018/07/25/bhurjpatra/,
"भृंगराज स्वरस (Eclipta alba Hassk.)",http://52.66.50.41/2018/07/26/bhringraj-swaras-eclipta-alba-hassk/,
"मकरध्वज वटी (वाजीकरण)",http://52.66.50.41/2018/07/26/makardhwaj-vati/,
"मकुष्ठ (मोठ)",http://52.66.50.41/2018/07/25/mukushth-moth/,
मकोय,http://52.66.50.41/2018/07/25/makoy/,
मक्का,http://52.66.50.41/2018/07/25/makka/,
"मखान्न (मखाना)",http://52.66.50.41/2018/07/25/makhana/,
"मंगरैला (कलौंजी)",http://52.66.50.41/2018/07/25/mangraila-kalonji/,
मञ्जिष्ठा,http://52.66.50.41/2018/07/25/manjistha/,
मटर,http://52.66.50.41/2018/07/25/matar/,
मंडुआ,http://52.66.50.41/2018/07/25/mandua/,
मत्स्याक्षी,http://52.66.50.41/2018/07/25/matsyaakshi/,
"मधुमेह के लिए आहार दिनचर्या",http://52.66.50.41/2018/08/02/diet-plan-for-diabetes/,
मधुरपर्णी,http://52.66.50.41/2018/07/25/madhurparni/,
"मधूक (महुवा)",http://52.66.50.41/2018/07/25/madhook-mahua/,
ममीरा,http://52.66.50.41/2018/07/25/mameera/,
मयूरशिखा,http://52.66.50.41/2018/07/25/mayurshikha/,
मरिच,http://52.66.50.41/2018/07/25/marich/,
"मरिचादि गुटिका (कास)",http://52.66.50.41/2018/07/26/marichadi-gutika/,
मरूवक,http://52.66.50.41/2018/07/25/maruwak/,
"मसण्डा (श्रीपर्ण)",http://52.66.50.41/2018/07/25/masanda/,
मसूर,http://52.66.50.41/2018/07/25/masoor/,
"मस्कुलर डिस्ट्रॉफी के लिए आहार दिनचर्या",http://52.66.50.41/2018/08/02/diet-plan-for-muscular-dystrophy/,
महाबला,http://52.66.50.41/2018/07/24/mahabala/,
माजूफल,http://52.66.50.41/2018/07/25/majufal/,
माणक,http://52.66.50.41/2018/07/25/manak/,
माषपर्णी,http://52.66.50.41/2018/07/25/mashparni/,
मांसरोहिणी,http://52.66.50.41/2018/07/25/mansrohini/,
"मुक्तवर्चा (कुप्पी)",http://52.66.50.41/2018/07/25/muktvarcha-kuppi/,
"मुक्तादि वटी",http://52.66.50.41/2018/07/26/muktadi-vati/,
"मुचकुन्द (आकाश चम्पा)",http://52.66.50.41/2018/07/24/muchkund/,
"मुद्ग (मूंग)",http://52.66.50.41/2018/07/25/mudg-moong/,
मुद्गपर्णी,http://52.66.50.41/2018/07/25/mudgaparni/,
मुलेठी,http://52.66.50.41/2018/07/25/mulethi/,
"मुंह के छाले (माउथ अल्सर) के लिए घरेलु नुस्खे",http://52.66.50.41/2018/08/12/muh-ke-chale-mouth-ulcer-ke-liye-gharule-nuskhe/,
"मुंहासे के लिए घरेलु नुस्खे",http://52.66.50.41/2018/08/12/muhase-ke-liye-gharule-nuskhe/,
मूंगफली,http://52.66.50.41/2018/07/25/moongfali/,
मूर्वा,http://52.66.50.41/2018/07/25/murva/,
मूली,http://52.66.50.41/2018/07/25/muli/,
मूषिकपर्णी,http://52.66.50.41/2018/07/25/musikaparni/,
"मूसली (काली मूसली)",http://52.66.50.41/2018/07/25/musli-kali-musli/,
मेथिका,http://52.66.50.41/2018/07/25/methika/,
"मेरुदण्ड (कमर दर्द आदि) हेतु",http://52.66.50.41/2018/08/12/yogamerudand-kmar-dard-aadi-hetu/,
मेंहदी,http://52.66.50.41/2018/07/25/mehandi/,
मैनफल,http://52.66.50.41/2018/07/25/mainfal/,
"मोटापा (ओबेसिटी) के लिए घरेलु नुस्खे",http://52.66.50.41/2018/08/12/motapa-obesity-ke-liye-gharule-nuskhe/,
"मोटापा घटाने के लिए विशेष आसनों का अभ्यास",http://52.66.50.41/2018/08/12/yogamotapa-ghatane-ke-liye-vishesh-asan/,
"मोथा (मुस्तक)",http://52.66.50.41/2018/07/24/motha/,
मोसंबी,http://52.66.50.41/2018/07/25/mosambi/,
"मौलसिरी (बकुल)",http://52.66.50.41/2018/07/24/moulsiri/,
"योग परिचय",http://52.66.50.41/2018/08/10/yogayog-parichay/,
"यौवन पीड़िका के लिए आहार दिनचर्या",http://52.66.50.41/2018/08/02/diet-plan-for-acne-vulgaris-pimples/,
"रक्त चन्दन",http://52.66.50.41/2018/07/24/rakt-chandan/,
"रक्तचाप के लिए आहार दिनचर्या",http://52.66.50.41/2018/08/02/diet-plan-for-blood-pressure/,
"रक्तप्रदर के लिए आहार दिनचर्या",http://52.66.50.41/2018/08/02/diet-plan-for-uterine-bleeding/,
"रंगून की बेल",http://52.66.50.41/2018/07/25/rangoon-ki-bel/,
"रजप्रवर्तनी वटी (योनिव्यापद्)",http://52.66.50.41/2018/07/26/raja-pravartini-vati/,
रतालू,http://52.66.50.41/2018/07/25/ratalu/,
"रसोन (लहसुन)",http://52.66.50.41/2018/07/25/rasun-lahsun/,
राई,http://52.66.50.41/2018/07/25/raai/,
राखीफूल,http://52.66.50.41/2018/07/25/rakhi-phool/,
"राजमाष (लोबिया)",http://52.66.50.41/2018/07/25/rajmash-lobia/,
"राजादन (खिरनी)",http://52.66.50.41/2018/07/25/rajadan-khirni/,
रामदाना,http://52.66.50.41/2018/07/24/ramdana/,
रामबाँस,http://52.66.50.41/2018/07/25/rambans/,
रीठा,http://52.66.50.41/2018/07/25/reetha/,
रुद्रजटा,http://52.66.50.41/2018/07/25/rudrajata/,
रुद्रवन्ती,http://52.66.50.41/2018/07/25/rudravanti/,
रुद्राक्ष,http://52.66.50.41/2018/07/25/rudraksha/,
"रूखी त्वचा (dry skin) के लिए घरेलु नुस्खे",http://52.66.50.41/2018/08/12/rukhi-twacha-dry-skin-ke-liye-gharule-nuskhe/,
रेवंदचीनी,http://52.66.50.41/2018/07/25/revand-chini/,
रोहितक,http://52.66.50.41/2018/07/25/rohitaka/,
"लकवा (पक्षाघात) के लिए आहार दिनचर्या",http://52.66.50.41/2018/08/02/diet-plan-for-paralysis/,
"लकुच (बड़हल)",http://52.66.50.41/2018/07/25/lakuch-badhal/,
"लता कस्तूरी",http://52.66.50.41/2018/07/25/latakasturi/,
लताक्षीरी,http://52.66.50.41/2018/07/24/lataksheeri/,
"लवंगादि वटी (कास)",http://52.66.50.41/2018/07/26/lavangadi-vati/,
"लशुनादि वटी",http://52.66.50.41/2018/07/26/lashunadi-vati/,
"लसुन बेल",http://52.66.50.41/2018/07/25/lasun-vel/,
लाजवंती,http://52.66.50.41/2018/07/25/lajwanti/,
"लाल मिर्च",http://52.66.50.41/2018/07/25/lal-mirch/,
लीची,http://52.66.50.41/2018/07/25/litchi/,
लोकाट,http://52.66.50.41/2018/07/25/lokat/,
लोणी,http://52.66.50.41/2018/07/25/loni/,
लोध्र,http://52.66.50.41/2018/07/25/lodhra/,
लोहबान,http://52.66.50.41/2018/07/25/lohban/,
लौकी,http://52.66.50.41/2018/07/25/louki/,
लौंग,http://52.66.50.41/2018/07/25/laung/,
"ल्यूकोरिया (Leucorrhoea) के लिए घरेलु नुस्खे",http://52.66.50.41/2018/08/12/leucorrhoea-ke-liye-gharule-upay/,
वच,http://52.66.50.41/2018/07/25/vach/,
वनप्सा,http://52.66.50.41/2018/07/25/vanapsa/,
"वन्य बला",http://52.66.50.41/2018/07/24/vanya-bala/,
"वन्य हरिद्रा (जंगली-हलदी)",http://52.66.50.41/2018/07/25/jangali-haldi/,
वरुण,http://52.66.50.41/2018/07/25/varun/,
वर्षाभू,http://52.66.50.41/2018/07/25/varshabhu/,
"वंश (बांस)",http://52.66.50.41/2018/07/25/bamboo/,
"वात के लिए आहार दिनचर्या",http://52.66.50.41/2018/08/02/diet-plan-for-vata/,
"वातरक्त  के लिए आहार दिनचर्या",http://52.66.50.41/2018/08/02/diet-plan-for-gout/,
"वायरल फीवर के लिए घरेलु नुस्खे",http://52.66.50.41/2018/08/12/viral-fever-ke-liye-gharule-nuskhe/,
वायविडंग,http://52.66.50.41/2018/07/25/vaayvidang/,
"वाराही कन्द",http://52.66.50.41/2018/07/25/varahi-kand/,
वासा,http://52.66.50.41/2018/07/25/vasa/,
"विचर्चिका (एक्ज़िमा) के लिए आहार दिनचर्या",http://52.66.50.41/2018/08/02/diet-plan-for-eczema/,
"विजयसार (बीजक)",http://52.66.50.41/2018/07/25/vijaysaar/,
"विदारी कन्द",http://52.66.50.41/2018/07/25/vidari-kand/,
विधारा,http://52.66.50.41/2018/07/25/vidhara/,
"विबन्ध के लिए आहार दिनचर्या",http://52.66.50.41/2018/08/02/diet-plan-for-constipation/,
विरुद्धाहार,http://52.66.50.41/2018/08/02/diet-plan-for-viruddha-ahara/,
"विश्राम हेतु आसन",http://52.66.50.41/2018/08/12/yogavishram-hetu-asan/,
वृक्षाम्ल,http://52.66.50.41/2018/07/25/vrikshamla/,
"वृद्धिवाधिकावटी (वृद्धिरोग)",http://52.66.50.41/2018/07/26/vridhivadhika-vati/,
वृन्ताक,http://52.66.50.41/2018/07/25/vrintaak/,
"वृश्चिका (बिच्छूबूटी)",http://52.66.50.41/2018/07/25/vrishchika/,
वेत्र,http://52.66.50.41/2018/07/25/vetra/,
व्याघ्रएरण्ड,http://52.66.50.41/2018/07/23/vyaghraarand/,
शंखपुष्पी,http://52.66.50.41/2018/07/25/shankhpushpi/,
"शटी  (कपूर कचरी)",http://52.66.50.41/2018/07/25/shati/,
शण,http://52.66.50.41/2018/07/25/shan/,
शणपुष्पी,http://52.66.50.41/2018/07/25/shanpushpi/,
"शतपुष्पा  (सोआ)",http://52.66.50.41/2018/07/25/shatpushpa/,
शतावरी,http://52.66.50.41/2018/07/25/shatavari/,
शमी,http://52.66.50.41/2018/07/25/shami/,
शरपुंखा,http://52.66.50.41/2018/07/25/sharpunkha/,
शलजम,http://52.66.50.41/2018/07/25/shaljam/,
"शल्लकी  (सलई गूगल)",http://52.66.50.41/2018/07/25/shallaki/,
शाल,http://52.66.50.41/2018/07/25/shaal/,
शालपर्णी,http://52.66.50.41/2018/07/25/shaalparni/,
शाल्मलि,http://52.66.50.41/2018/07/25/shalmali/,
शिकाकाई,http://52.66.50.41/2018/07/25/shikakai/,
शितिवारक,http://52.66.50.41/2018/07/25/shitivaraka/,
शिरीष,http://52.66.50.41/2018/07/25/shireesh/,
शिवलिंगी,http://52.66.50.41/2018/07/25/shivlingi/,
शीशम,http://52.66.50.41/2018/07/25/shisham/,
शुकनासा,http://52.66.50.41/2018/07/23/shuknasa/,
"शुक्रमातृका वटी",http://52.66.50.41/2018/07/26/shukramatrika-vati/,
"शूलवज्रिणी वटी (शूल)",http://52.66.50.41/2018/07/26/shul-varjini-vati/,
"श्यामाक  (सावां)",http://52.66.50.41/2018/07/25/shyamak/,
श्योनाक,http://52.66.50.41/2018/07/25/shyonaak/,
श्लेष्मातक,http://52.66.50.41/2018/07/25/shleshmatmak/,
"संजीवनी वटी (ज्वर)",http://52.66.50.41/2018/07/26/sanjivani-vati/,
"सतौना (सप्तपर्ण)",http://52.66.50.41/2018/07/25/satouna-saptparn/,
सत्यानाशी,http://52.66.50.41/2018/07/25/satyanashi/,
सदापुष्पा,http://52.66.50.41/2018/07/25/sadapushpa/,
सनाय,http://52.66.50.41/2018/07/25/sanaay/,
"सफेद बालों के लिए घरेलु नुस्खे",http://52.66.50.41/2018/08/12/safed-balon-ke-liye-gharule-nuskhe/,
"सफेद मूसली",http://52.66.50.41/2018/07/25/safed-musli/,
"सर्जरी (शल्य) के लिए आहार दिनचर्या",http://52.66.50.41/2018/08/02/diet-plan-for-surgery/,
सर्पगन्धा,http://52.66.50.41/2018/07/25/sarpgandha/,
सर्षप,http://52.66.50.41/2018/07/25/sarshap/,
"संशमनी वटी",http://52.66.50.41/2018/07/26/sanshamani-vati/,
सहदेवी,http://52.66.50.41/2018/07/25/sahdevi/,
सहिजन,http://52.66.50.41/2018/07/25/sahijan/,
"साइनस के लिए घरेलु नुस्खे",http://52.66.50.41/2018/08/12/sinus-ke-liye-gharule-nuskhe/,
सागौन,http://52.66.50.41/2018/07/25/sagoun/,
"सामान्य के लिए आहार दिनचर्या",http://52.66.50.41/2018/08/02/normal-diet-plan/,
"सारिवा  ",http://52.66.50.41/2018/07/25/sariva/,
"सारिवादि वटी (कर्णरोग)",http://52.66.50.41/2018/07/26/sarivadi-vati/,
सिंघाड़ा,http://52.66.50.41/2018/07/25/singhada/,
"सितालुक (शकरकन्द)",http://52.66.50.41/2018/07/25/shakarkand/,
सिन्दुरिया,http://52.66.50.41/2018/07/25/sinduriya/,
"सिर दर्द (हेडेक) के लिए घरेलु नुस्खे",http://52.66.50.41/2018/08/12/sir-dard-headache-ke-liye-gharule-nuskhe/,
"सी. एन. एस. /मस्तिष्क विकार /माइग्रेन /सिर दर्द के लिए आहार दिनचर्या",http://52.66.50.41/2018/08/02/diet-plan-for-migraine/,
"सीताफल (शरीफा)",http://52.66.50.41/2018/07/25/sitafal/,
"सुखविरेचन वटी",http://52.66.50.41/2018/07/26/sukha-virechana-vati/,
सुदर्शन,http://52.66.50.41/2018/07/25/sudarshan/,
"सुनिष्णक (चौपतिया)",http://52.66.50.41/2018/07/25/sunishnak/,
सुपारी,http://52.66.50.41/2018/07/25/supari/,
"सूक्ष्म व्यायाम",http://52.66.50.41/2018/08/10/yogasuksham-vyayam/,
सूरजमुखी,http://52.66.50.41/2018/07/25/surajmukhi/,
सूरनकन्द,http://52.66.50.41/2018/07/25/surankand/,
सेब,http://52.66.50.41/2018/07/25/apple/,
सेम,http://52.66.50.41/2018/07/25/sem/,
सेहुंड,http://52.66.50.41/2018/07/24/sehund/,
"सैरेयक (पियाबासा)",http://52.66.50.41/2018/07/25/saireyek-piyabasa/,
"सोंठ (अदरक)",http://52.66.50.41/2018/07/25/sonth-adrak/,
"सोरायसिस के लिए आहार दिनचर्या",http://52.66.50.41/2018/08/02/diet-plan-for-psoriasis/,
सौंफ,http://52.66.50.41/2018/07/25/sounf/,
"सौभाग्य वटी (ज्वर)",http://52.66.50.41/2018/07/26/saubhagya-vati/,
"सौभाग्य वटी (प्रसूता)",http://52.66.50.41/2018/07/26/saubhagya-vati-prasuta/,
"स्थौणेयक (थुनेर)",http://52.66.50.41/2018/07/24/thuner/,
"स्थौल्य (मोटापा) के लिए आहार दिनचर्या",http://52.66.50.41/2018/08/02/diet-plan-for-obesity/,
हरिद्रु,http://52.66.50.41/2018/07/25/haridru/,
"हरीतकी (हरड़)",http://52.66.50.41/2018/07/25/haritaki/,
हल्दी,http://52.66.50.41/2018/07/25/haldi/,
हस्तिकर्ण,http://52.66.50.41/2018/07/25/hastikarn/,
हस्तिशुण्डी,http://52.66.50.41/2018/07/25/hastishundi/,
"हिंगु (हींग)",http://52.66.50.41/2018/07/25/heeng/,
"हिंग्वादि गुटिका (शूल)",http://52.66.50.41/2018/07/26/hingvadi-gutika/,
"हिचकी के लिए घरेलु नुस्खे",http://52.66.50.41/2018/08/12/hichki-ke-liye-gharule-nuskhe/,
हिंसालू,http://52.66.50.41/2018/07/25/hinsalu/,
हुरहुर,http://52.66.50.41/2018/07/25/hurhur/,
हृत्पत्री,http://52.66.50.41/2018/07/25/hatpatri/,
"हेपेटाइटिस के लिए आहार दिनचर्या",http://52.66.50.41/2018/08/02/diet-plan-for-hepatitis/,
हैंसा,http://52.66.50.41/2018/07/25/hainsa/,
"ह्रीबेर  (सुगन्धबाला)",http://52.66.50.41/2018/07/25/sugandhbala/,
